<?xml version="1.0" encoding="UTF-8"?>
<project-private xmlns="http://www.netbeans.org/ns/project-private/1">
    <editor-bookmarks xmlns="http://www.netbeans.org/ns/editor-bookmarks/2" lastBookmarkId="0"/>
    <open-files xmlns="http://www.netbeans.org/ns/projectui-open-files/2">
        <group>
            <file>file:/Users/dannycolumna/Documents/Neatbeans/ProyectoProgra4-master/src/frames/DetalleDeFacturaVendedor.java</file>
            <file>file:/Users/dannycolumna/Documents/Neatbeans/ProyectoProgra4-master/src/frames/ventanaFacturaAdministrador.java</file>
            <file>file:/Users/dannycolumna/Documents/Neatbeans/ProyectoProgra4-master/src/frames/ventanaFacturaVendedor.java</file>
            <file>file:/Users/dannycolumna/Documents/Neatbeans/ProyectoProgra4-master/src/frames/ventanaVendedor.java</file>
            <file>file:/Users/dannycolumna/Documents/Neatbeans/ProyectoProgra4-master/src/frames/Modificacion.java</file>
            <file>file:/Users/dannycolumna/Documents/Neatbeans/ProyectoProgra4-master/src/frames/ventanaAdministrador.java</file>
            <file>file:/Users/dannycolumna/Documents/Neatbeans/ProyectoProgra4-master/src/frames/ventanaLogin.java</file>
            <file>file:/Users/dannycolumna/Documents/Neatbeans/ProyectoProgra4-master/src/frames/DetalleDeFacturaAdministrador.java</file>
        </group>
    </open-files>
</project-private>
