<?xml version="1.0" encoding="UTF-8"?>
<project-private xmlns="http://www.netbeans.org/ns/project-private/1">
    <editor-bookmarks xmlns="http://www.netbeans.org/ns/editor-bookmarks/2" lastBookmarkId="0"/>
    <open-files xmlns="http://www.netbeans.org/ns/projectui-open-files/2">
        <group>
            <file>file:/Users/dannycolumna/Documents/Neatbeans/SistemaDeCafeteria/src/imagenes/Anterior.png</file>
            <file>file:/Users/dannycolumna/Documents/Neatbeans/SistemaDeCafeteria/src/frames/ConsultarFactura.java</file>
            <file>file:/Users/dannycolumna/Documents/Neatbeans/SistemaDeCafeteria/src/frames/ventanaVendedor.java</file>
            <file>file:/Users/dannycolumna/Documents/Neatbeans/SistemaDeCafeteria/src/frames/EntradasPorVendedor.java</file>
            <file>file:/Users/dannycolumna/Documents/Neatbeans/SistemaDeCafeteria/src/frames/SeleccionarBedidaAdministrador.java</file>
            <file>file:/Users/dannycolumna/Documents/Neatbeans/SistemaDeCafeteria/src/frames/DetalleDeFacturaVendedor.java</file>
            <file>file:/Users/dannycolumna/Documents/Neatbeans/SistemaDeCafeteria/src/frames/ventanaFacturaAdministrador.java</file>
            <file>file:/Users/dannycolumna/Documents/Neatbeans/SistemaDeCafeteria/src/frames/SeleccionarBedidaVendedor.java</file>
            <file>file:/Users/dannycolumna/Documents/Neatbeans/SistemaDeCafeteria/src/imagenes/Fondo.JPG</file>
            <file>file:/Users/dannycolumna/Documents/Neatbeans/SistemaDeCafeteria/src/frames/ventanaLogin.java</file>
            <file>file:/Users/dannycolumna/Documents/Neatbeans/SistemaDeCafeteria/src/imagenes/FondoDetalleDeFactura.jpg</file>
            <file>file:/Users/dannycolumna/Documents/Neatbeans/SistemaDeCafeteria/src/frames/ventanaAdministrador.java</file>
            <file>file:/Users/dannycolumna/Documents/Neatbeans/SistemaDeCafeteria/src/frames/EntradasPorDia.java</file>
            <file>file:/Users/dannycolumna/Documents/Neatbeans/SistemaDeCafeteria/src/frames/Vendedores.java</file>
            <file>file:/Users/dannycolumna/Documents/Neatbeans/SistemaDeCafeteria/src/frames/Consultas.java</file>
            <file>file:/Users/dannycolumna/Documents/Neatbeans/SistemaDeCafeteria/src/clases/main.java</file>
            <file>file:/Users/dannycolumna/Documents/Neatbeans/SistemaDeCafeteria/src/frames/DetalleDeFacturaAdministrador.java</file>
            <file>file:/Users/dannycolumna/Documents/Neatbeans/SistemaDeCafeteria/src/frames/Modificacion.java</file>
            <file>file:/Users/dannycolumna/Documents/Neatbeans/SistemaDeCafeteria/src/frames/ventanaFacturaVendedor.java</file>
        </group>
    </open-files>
</project-private>
